{
  "Fourth Arm Cutting": {
    "focus_index": {
      "high_mean": 16.033912075482824,
      "low_mean": 10.34422659945349,
      "high_std": 28.501504569021236,
      "low_std": 17.235599198123438,
      "high_n": 28,
      "high_valid_n": 27,
      "high_nan_count": 1,
      "high_nan_pct": 3.571428571428571,
      "low_n": 21,
      "low_valid_n": 20,
      "low_nan_count": 1,
      "low_nan_pct": 4.761904761904762,
      "t_statistic": 0.774889603747234,
      "p_value": 0.4424577601352677,
      "significant": false
    },
    "engagement_index": {
      "high_mean": 7.240268343200142,
      "low_mean": 5.34698511429025,
      "high_std": 12.407037074014564,
      "low_std": 9.481912218747677,
      "high_n": 28,
      "high_valid_n": 27,
      "high_nan_count": 1,
      "high_nan_pct": 3.571428571428571,
      "low_n": 21,
      "low_valid_n": 20,
      "low_nan_count": 1,
      "low_nan_pct": 4.761904761904762,
      "t_statistic": 0.5578944135111059,
      "p_value": 0.5796815918861293,
      "significant": false
    },
    "FAA_index": {
      "high_mean": -0.9115943002369888,
      "low_mean": -2.303525659380294,
      "high_std": 1.6571153486640775,
      "low_std": 3.665042581420102,
      "high_n": 28,
      "high_valid_n": 27,
      "high_nan_count": 1,
      "high_nan_pct": 3.571428571428571,
      "low_n": 21,
      "low_valid_n": 20,
      "low_nan_count": 1,
      "low_nan_pct": 4.761904761904762,
      "t_statistic": 1.7094471670527156,
      "p_value": 0.0942567180028462,
      "significant": false
    },
    "TLX": {
      "high_mean": 2.2647748992235557,
      "low_mean": 3.0449058700135865,
      "high_std": 1.2357169981680953,
      "low_std": 3.6433153554916027,
      "high_n": 28,
      "high_valid_n": 27,
      "high_nan_count": 1,
      "high_nan_pct": 3.571428571428571,
      "low_n": 21,
      "low_valid_n": 20,
      "low_nan_count": 1,
      "low_nan_pct": 4.761904761904762,
      "t_statistic": -1.0128896183389666,
      "p_value": 0.31652825372318855,
      "significant": false
    }
  },
  "Knot Tying": {
    "focus_index": {
      "high_mean": 17.142028646663487,
      "low_mean": 54.083144788731666,
      "high_std": 27.853925837778593,
      "low_std": 160.1774574616388,
      "high_n": 28,
      "high_valid_n": 27,
      "high_nan_count": 1,
      "high_nan_pct": 3.571428571428571,
      "low_n": 17,
      "low_valid_n": 15,
      "low_nan_count": 2,
      "low_nan_pct": 11.76470588235294,
      "t_statistic": -1.1389033344017299,
      "p_value": 0.26151848982962006,
      "significant": false
    },
    "engagement_index": {
      "high_mean": 8.033292022060651,
      "low_mean": 22.114280143537602,
      "high_std": 12.973021427741688,
      "low_std": 61.5411785750925,
      "high_n": 28,
      "high_valid_n": 27,
      "high_nan_count": 1,
      "high_nan_pct": 3.571428571428571,
      "low_n": 17,
      "low_valid_n": 15,
      "low_nan_count": 2,
      "low_nan_pct": 11.76470588235294,
      "t_statistic": -1.1164651023164842,
      "p_value": 0.2708850508769133,
      "significant": false
    },
    "FAA_index": {
      "high_mean": -0.9330898444014692,
      "low_mean": -1.9521592833221122,
      "high_std": 1.7580582101848334,
      "low_std": 3.2646804844499915,
      "high_n": 28,
      "high_valid_n": 27,
      "high_nan_count": 1,
      "high_nan_pct": 3.571428571428571,
      "low_n": 17,
      "low_valid_n": 15,
      "low_nan_count": 2,
      "low_nan_pct": 11.76470588235294,
      "t_statistic": 1.2830548025439963,
      "p_value": 0.2068574185524878,
      "significant": false
    },
    "TLX": {
      "high_mean": 1.9412269186021465,
      "low_mean": 3.5076600424977626,
      "high_std": 1.0999598694997361,
      "low_std": 5.520716831340302,
      "high_n": 28,
      "high_valid_n": 27,
      "high_nan_count": 1,
      "high_nan_pct": 3.571428571428571,
      "low_n": 17,
      "low_valid_n": 15,
      "low_nan_count": 2,
      "low_nan_pct": 11.76470588235294,
      "t_statistic": -1.3900056436969885,
      "p_value": 0.17221469781650692,
      "significant": false
    }
  },
  "Puzzle Piece Dissection": {
    "focus_index": {
      "high_mean": 21.282976867891946,
      "low_mean": 2.675345799048976,
      "high_std": 37.40744258687556,
      "low_std": 0.0,
      "high_n": 6,
      "high_valid_n": 6,
      "high_nan_count": 0,
      "high_nan_pct": 0.0,
      "low_n": 1,
      "low_valid_n": 1,
      "low_nan_count": 0,
      "low_nan_pct": 0.0,
      "t_statistic": 0.420406140615685,
      "p_value": 0.6916451858874499,
      "significant": false
    },
    "engagement_index": {
      "high_mean": 9.841963722109844,
      "low_mean": 0.8860367874439048,
      "high_std": 17.3819733702409,
      "low_std": 0.0,
      "high_n": 6,
      "high_valid_n": 6,
      "high_nan_count": 0,
      "high_nan_pct": 0.0,
      "low_n": 1,
      "low_valid_n": 1,
      "low_nan_count": 0,
      "low_nan_pct": 0.0,
      "t_statistic": 0.4354591732852101,
      "p_value": 0.6813858540906433,
      "significant": false
    },
    "FAA_index": {
      "high_mean": -0.9896715944942218,
      "low_mean": -0.48137180577558014,
      "high_std": 2.073387871864626,
      "low_std": 0.0,
      "high_n": 6,
      "high_valid_n": 6,
      "high_nan_count": 0,
      "high_nan_pct": 0.0,
      "low_n": 1,
      "low_valid_n": 1,
      "low_nan_count": 0,
      "low_nan_pct": 0.0,
      "t_statistic": -0.2071931330083591,
      "p_value": 0.844033005886874,
      "significant": false
    },
    "TLX": {
      "high_mean": 2.8047452604508325,
      "low_mean": 3.4470540470011417,
      "high_std": 1.230851665312687,
      "low_std": 0.0,
      "high_n": 6,
      "high_valid_n": 6,
      "high_nan_count": 0,
      "high_nan_pct": 0.0,
      "low_n": 1,
      "low_valid_n": 1,
      "low_nan_count": 0,
      "low_nan_pct": 0.0,
      "t_statistic": -0.44103608834505514,
      "p_value": 0.6776044935930607,
      "significant": false
    }
  },
  "Ring Tower Transfer": {
    "focus_index": {
      "high_mean": 17.16943316206369,
      "low_mean": 10.211064553748312,
      "high_std": 29.02364381759584,
      "low_std": 17.61471262475082,
      "high_n": 28,
      "high_valid_n": 27,
      "high_nan_count": 1,
      "high_nan_pct": 3.571428571428571,
      "low_n": 20,
      "low_valid_n": 20,
      "low_nan_count": 0,
      "low_nan_pct": 0.0,
      "t_statistic": 0.9299087414093467,
      "p_value": 0.357380175626712,
      "significant": false
    },
    "engagement_index": {
      "high_mean": 8.234959641033392,
      "low_mean": 5.295957582687448,
      "high_std": 13.664634429196914,
      "low_std": 9.840991543731118,
      "high_n": 28,
      "high_valid_n": 27,
      "high_nan_count": 1,
      "high_nan_pct": 3.571428571428571,
      "low_n": 20,
      "low_valid_n": 20,
      "low_nan_count": 0,
      "low_nan_pct": 0.0,
      "t_statistic": 0.799974395802551,
      "p_value": 0.42792862980361335,
      "significant": false
    },
    "FAA_index": {
      "high_mean": -0.9193193456687969,
      "low_mean": -2.363511648639522,
      "high_std": 1.71869362287736,
      "low_std": 3.7439238890288307,
      "high_n": 28,
      "high_valid_n": 27,
      "high_nan_count": 1,
      "high_nan_pct": 3.571428571428571,
      "low_n": 20,
      "low_valid_n": 20,
      "low_nan_count": 0,
      "low_nan_pct": 0.0,
      "t_statistic": 1.7304967575883592,
      "p_value": 0.09039477037145086,
      "significant": false
    },
    "TLX": {
      "high_mean": 2.3669125707272,
      "low_mean": 2.761994599697055,
      "high_std": 1.5776060833211194,
      "low_std": 3.6127333778748403,
      "high_n": 28,
      "high_valid_n": 27,
      "high_nan_count": 1,
      "high_nan_pct": 3.571428571428571,
      "low_n": 20,
      "low_valid_n": 20,
      "low_nan_count": 0,
      "low_nan_pct": 0.0,
      "t_statistic": -0.495848121131658,
      "p_value": 0.6224147044228359,
      "significant": false
    }
  },