{
  "Circle Cutting": {
    "focus_index": {
      "high_mean": 15.574249796160062,
      "low_mean": 14.376512720941616,
      "high_std": 11.81816808558788,
      "low_std": 9.666366664788121,
      "high_n": 10,
      "high_valid_n": 9,
      "high_nan_count": 1,
      "high_nan_pct": 10.0,
      "low_n": 11,
      "low_valid_n": 11,
      "low_nan_count": 0,
      "low_nan_pct": 0.0,
      "t_statistic": 0.23652213299069283,
      "p_value": 0.8156982015897982,
      "significant": false
    },
    "engagement_index": {
      "high_mean": 10.953724593233451,
      "low_mean": 10.05759941531738,
      "high_std": 9.947283298218819,
      "low_std": 8.236855936921472,
      "high_n": 10,
      "high_valid_n": 9,
      "high_nan_count": 1,
      "high_nan_pct": 10.0,
      "low_n": 11,
      "low_valid_n": 11,
      "low_nan_count": 0,
      "low_nan_pct": 0.0,
      "t_statistic": 0.20907612820460983,
      "p_value": 0.8367366957816027,
      "significant": false
    },
    "FAA_index": {
      "high_mean": 0.013636810538848979,
      "low_mean": -0.48837328954920556,
      "high_std": 2.261236237985972,
      "low_std": 1.347441559795305,
      "high_n": 10,
      "high_valid_n": 9,
      "high_nan_count": 1,
      "high_nan_pct": 10.0,
      "low_n": 11,
      "low_valid_n": 11,
      "low_nan_count": 0,
      "low_nan_pct": 0.0,
      "t_statistic": 0.5833259374922675,
      "p_value": 0.5669116680220911,
      "significant": false
    },
    "TLX": {
      "high_mean": 1.6027000215155722,
      "low_mean": 1.1994876217703838,
      "high_std": 1.0450491682400933,
      "low_std": 0.5478315870782782,
      "high_n": 10,
      "high_valid_n": 9,
      "high_nan_count": 1,
      "high_nan_pct": 10.0,
      "low_n": 11,
      "low_valid_n": 11,
      "low_nan_count": 0,
      "low_nan_pct": 0.0,
      "t_statistic": 1.050346754577307,
      "p_value": 0.3074568353532934,
      "significant": false
    }
  },
  "Peg Transfer": {
    "focus_index": {
      "high_mean": 12.576481103660484,
      "low_mean": 12.65413694951778,
      "high_std": 10.76932378258901,
      "low_std": 9.340193989612997,
      "high_n": 10,
      "high_valid_n": 9,
      "high_nan_count": 1,
      "high_nan_pct": 10.0,
      "low_n": 11,
      "low_valid_n": 11,
      "low_nan_count": 0,
      "low_nan_pct": 0.0,
      "t_statistic": -0.016376655696899358,
      "p_value": 0.987114062724161,
      "significant": false
    },
    "engagement_index": {
      "high_mean": 9.062455894110494,
      "low_mean": 8.415279927185663,
      "high_std": 9.471289589330535,
      "low_std": 6.943676756944499,
      "high_n": 10,
      "high_valid_n": 9,
      "high_nan_count": 1,
      "high_nan_pct": 10.0,
      "low_n": 11,
      "low_valid_n": 11,
      "low_nan_count": 0,
      "low_nan_pct": 0.0,
      "t_statistic": 0.16702458446452484,
      "p_value": 0.8692127521079251,
      "significant": false
    },
    "FAA_index": {
      "high_mean": 0.17574723728480093,
      "low_mean": -0.5945723919209169,
      "high_std": 2.1785573075281586,
      "low_std": 1.3808562572813134,
      "high_n": 10,
      "high_valid_n": 9,
      "high_nan_count": 1,
      "high_nan_pct": 10.0,
      "low_n": 11,
      "low_valid_n": 11,
      "low_nan_count": 0,
      "low_nan_pct": 0.0,
      "t_statistic": 0.9111212979774854,
      "p_value": 0.37427230882291895,
      "significant": false
    },
    "TLX": {
      "high_mean": 1.6371117815811937,
      "low_mean": 1.6655326310908598,
      "high_std": 1.1023597777649496,
      "low_std": 0.8611285088328438,
      "high_n": 10,
      "high_valid_n": 9,
      "high_nan_count": 1,
      "high_nan_pct": 10.0,
      "low_n": 11,
      "low_valid_n": 11,
      "low_nan_count": 0,
      "low_nan_pct": 0.0,
      "t_statistic": -0.06139463402709278,
      "p_value": 0.9517214957947996,
      "significant": false
    }
  },
  "Pen Rose Suturing": {
    "focus_index": {
      "high_mean": 14.046010255518162,
      "low_mean": 11.104218028880501,
      "high_std": 11.275928283174112,
      "low_std": 4.631243693547811,
      "high_n": 10,
      "high_valid_n": 9,
      "high_nan_count": 1,
      "high_nan_pct": 10.0,
      "low_n": 11,
      "low_valid_n": 11,
      "low_nan_count": 0,
      "low_nan_pct": 0.0,
      "t_statistic": 0.7474320458727818,
      "p_value": 0.46445587886388107,
      "significant": false
    },
    "engagement_index": {
      "high_mean": 9.898781753538769,
      "low_mean": 7.126151440799199,
      "high_std": 9.318108379351944,
      "low_std": 3.7940308016632125,
      "high_n": 10,
      "high_valid_n": 9,
      "high_nan_count": 1,
      "high_nan_pct": 10.0,
      "low_n": 11,
      "low_valid_n": 11,
      "low_nan_count": 0,
      "low_nan_pct": 0.0,
      "t_statistic": 0.8537218795581257,
      "p_value": 0.40447769272964096,
      "significant": false
    },
    "FAA_index": {
      "high_mean": 0.541689868597937,
      "low_mean": -0.7790140438665646,
      "high_std": 2.4350545849998078,
      "low_std": 1.6001299329021252,
      "high_n": 10,
      "high_valid_n": 9,
      "high_nan_count": 1,
      "high_nan_pct": 10.0,
      "low_n": 11,
      "low_valid_n": 11,
      "low_nan_count": 0,
      "low_nan_pct": 0.0,
      "t_statistic": 1.380656425419102,
      "p_value": 0.1842892493500532,
      "significant": false
    },
    "TLX": {
      "high_mean": 1.7675904049020263,
      "low_mean": 1.4337180725775014,
      "high_std": 0.988747429956011,
      "low_std": 0.63870260470207,
      "high_n": 10,
      "high_valid_n": 9,
      "high_nan_count": 1,
      "high_nan_pct": 10.0,
      "low_n": 11,
      "low_valid_n": 11,
      "low_nan_count": 0,
      "low_nan_pct": 0.0,
      "t_statistic": 0.8646155974874559,
      "p_value": 0.39862618920863235,
      "significant": false
    }
  },
  "full": {
    "focus_index": {
      "high_mean": 12.541380717083443,
      "low_mean": 11.546058311387586,
      "high_std": 9.619033161338788,
      "low_std": 6.248804435885353,
      "high_n": 10,
      "high_valid_n": 9,
      "high_nan_count": 1,
      "high_nan_pct": 10.0,
      "low_n": 11,
      "low_valid_n": 11,
      "low_nan_count": 0,
      "low_nan_pct": 0.0,
      "t_statistic": 0.264441144638677,
      "p_value": 0.7944441545207431,
      "significant": false
    },
    "engagement_index": {
      "high_mean": 8.620401377888106,
      "low_mean": 7.584310565988943,
      "high_std": 7.931643772730392,
      "low_std": 5.096026394648896,
      "high_n": 10,
      "high_valid_n": 9,
      "high_nan_count": 1,
      "high_nan_pct": 10.0,
      "low_n": 11,
      "low_valid_n": 11,
      "low_nan_count": 0,
      "low_nan_pct": 0.0,
      "t_statistic": 0.33508252033023267,
      "p_value": 0.7414362687848994,
      "significant": false
    },
    "FAA_index": {
      "high_mean": 0.37044249732806644,
      "low_mean": -0.6835618687806297,
      "high_std": 2.1834297185479175,
      "low_std": 1.421468163695846,
      "high_n": 10,
      "high_valid_n": 9,
      "high_nan_count": 1,
      "high_nan_pct": 10.0,
      "low_n": 11,
      "low_valid_n": 11,
      "low_nan_count": 0,
      "low_nan_pct": 0.0,
      "t_statistic": 1.232770208594066,
      "p_value": 0.23352043650569448,
      "significant": false
    },
    "TLX": {
      "high_mean": 2.0592017698157985,
      "low_mean": 1.7189515163657019,
      "high_std": 1.1006759195018272,
      "low_std": 0.7896708863804446,
      "high_n": 10,
      "high_valid_n": 9,
      "high_nan_count": 1,
      "high_nan_pct": 10.0,
      "low_n": 11,
      "low_valid_n": 11,
      "low_nan_count": 0,
      "low_nan_pct": 0.0,
      "t_statistic": 0.7620473924258921,
      "p_value": 0.45590173676978296,
      "significant": false
    }
  }
}