{
  "Fourth Arm Cutting": {
    "focus_index": {
      "high_mean": 13.946688781028776,
      "low_mean": 11.931446548135488,
      "high_std": 25.34351101177623,
      "low_std": 8.56007697035062,
      "high_n": 19,
      "high_valid_n": 19,
      "high_nan_count": 0,
      "high_nan_pct": 0.0,
      "low_n": 13,
      "low_valid_n": 12,
      "low_nan_count": 1,
      "low_nan_pct": 7.6923076923076925,
      "t_statistic": 0.25731269361410447,
      "p_value": 0.7987544207438563,
      "significant": false
    },
    "engagement_index": {
      "high_mean": 6.002766513001757,
      "low_mean": 6.454771843529798,
      "high_std": 10.497044827137127,
      "low_std": 5.341590694831029,
      "high_n": 19,
      "high_valid_n": 19,
      "high_nan_count": 0,
      "high_nan_pct": 0.0,
      "low_n": 13,
      "low_valid_n": 12,
      "low_nan_count": 1,
      "low_nan_pct": 7.6923076923076925,
      "t_statistic": -0.13375002271281702,
      "p_value": 0.894524123426254,
      "significant": false
    },
    "FAA_index": {
      "high_mean": -0.7817068080370849,
      "low_mean": -1.2820168048070189,
      "high_std": 1.895916001642065,
      "low_std": 2.3676107001130635,
      "high_n": 19,
      "high_valid_n": 19,
      "high_nan_count": 0,
      "high_nan_pct": 0.0,
      "low_n": 13,
      "low_valid_n": 12,
      "low_nan_count": 1,
      "low_nan_pct": 7.6923076923076925,
      "t_statistic": 0.6275597826534388,
      "p_value": 0.5352029699326579,
      "significant": false
    },
    "TLX": {
      "high_mean": 2.514145819604957,
      "low_mean": 1.883465343455981,
      "high_std": 1.701416024123234,
      "low_std": 0.7583252645003214,
      "high_n": 19,
      "high_valid_n": 19,
      "high_nan_count": 0,
      "high_nan_pct": 0.0,
      "low_n": 13,
      "low_valid_n": 12,
      "low_nan_count": 1,
      "low_nan_pct": 7.6923076923076925,
      "t_statistic": 1.17069003397266,
      "p_value": 0.25125376224948415,
      "significant": false
    }
  },
  "Puzzle Piece Dissection": {
    "focus_index": {
      "high_mean": 11.758122447103457,
      "low_mean": 10.629157566311202,
      "high_std": 12.841592686415344,
      "low_std": 7.354882523670119,
      "high_n": 19,
      "high_valid_n": 19,
      "high_nan_count": 0,
      "high_nan_pct": 0.0,
      "low_n": 7,
      "low_valid_n": 7,
      "low_nan_count": 0,
      "low_nan_pct": 0.0,
      "t_statistic": 0.2110839154152426,
      "p_value": 0.8346038635929847,
      "significant": false
    },
    "engagement_index": {
      "high_mean": 5.674757149040795,
      "low_mean": 6.075762336678042,
      "high_std": 6.537490584644041,
      "low_std": 5.039949899324506,
      "high_n": 19,
      "high_valid_n": 19,
      "high_nan_count": 0,
      "high_nan_pct": 0.0,
      "low_n": 7,
      "low_valid_n": 7,
      "low_nan_count": 0,
      "low_nan_pct": 0.0,
      "t_statistic": -0.14122489527288976,
      "p_value": 0.8888710009088598,
      "significant": false
    },
    "FAA_index": {
      "high_mean": -0.7625462789182075,
      "low_mean": -0.15499391244504981,
      "high_std": 2.4658651356269337,
      "low_std": 0.2249429533163865,
      "high_n": 19,
      "high_valid_n": 19,
      "high_nan_count": 0,
      "high_nan_pct": 0.0,
      "low_n": 7,
      "low_valid_n": 7,
      "low_nan_count": 0,
      "low_nan_pct": 0.0,
      "t_statistic": -0.6253420622451966,
      "p_value": 0.5376479312296552,
      "significant": false
    },
    "TLX": {
      "high_mean": 2.0822422459397654,
      "low_mean": 1.4646751991974152,
      "high_std": 1.6047640162130814,
      "low_std": 0.6184704676229618,
      "high_n": 19,
      "high_valid_n": 19,
      "high_nan_count": 0,
      "high_nan_pct": 0.0,
      "low_n": 7,
      "low_valid_n": 7,
      "low_nan_count": 0,
      "low_nan_pct": 0.0,
      "t_statistic": 0.9525152803662511,
      "p_value": 0.350331067514869,
      "significant": false
    }
  },
  "Ring Tower Transfer": {
    "focus_index": {
      "high_mean": 12.845427345198768,
      "low_mean": 8.595405513660376,
      "high_std": 15.346832324211139,
      "low_std": 6.071979723063585,
      "high_n": 19,
      "high_valid_n": 19,
      "high_nan_count": 0,
      "high_nan_pct": 0.0,
      "low_n": 9,
      "low_valid_n": 9,
      "low_nan_count": 0,
      "low_nan_pct": 0.0,
      "t_statistic": 0.7724472457641655,
      "p_value": 0.44681490784663014,
      "significant": false
    },
    "engagement_index": {
      "high_mean": 5.474660304181238,
      "low_mean": 4.660903045899499,
      "high_std": 6.014493913970023,
      "low_std": 3.937152647729901,
      "high_n": 19,
      "high_valid_n": 19,
      "high_nan_count": 0,
      "high_nan_pct": 0.0,
      "low_n": 9,
      "low_valid_n": 9,
      "low_nan_count": 0,
      "low_nan_pct": 0.0,
      "t_statistic": 0.35661148617554655,
      "p_value": 0.7242605395137309,
      "significant": false
    },
    "FAA_index": {
      "high_mean": -0.7266520587023703,
      "low_mean": -0.2098641441058759,
      "high_std": 2.071188495073474,
      "low_std": 0.3828433085525347,
      "high_n": 19,
      "high_valid_n": 19,
      "high_nan_count": 0,
      "high_nan_pct": 0.0,
      "low_n": 9,
      "low_valid_n": 9,
      "low_nan_count": 0,
      "low_nan_pct": 0.0,
      "t_statistic": -0.7155424662333382,
      "p_value": 0.48065101260409404,
      "significant": false
    },
    "TLX": {
      "high_mean": 2.209554569886083,
      "low_mean": 1.5938907252429488,
      "high_std": 1.8354627769258127,
      "low_std": 0.6115655851392274,
      "high_n": 19,
      "high_valid_n": 19,
      "high_nan_count": 0,
      "high_nan_pct": 0.0,
      "low_n": 9,
      "low_valid_n": 9,
      "low_nan_count": 0,
      "low_nan_pct": 0.0,
      "t_statistic": 0.9451437027630936,
      "p_value": 0.35328679057725765,
      "significant": false
    }
  },
  "Vessel Energy Dissection": {
    "focus_index": {
      "high_mean": 8.942144397625698,
      "low_mean": 7.363337636072515,
      "high_std": 7.352303770596973,
      "low_std": 0.0,
      "high_n": 12,
      "high_valid_n": 12,
      "high_nan_count": 0,
      "high_nan_pct": 0.0,
      "low_n": 1,
      "low_valid_n": 1,
      "low_nan_count": 0,
      "low_nan_pct": 0.0,
      "t_statistic": 0.19752869834777004,
      "p_value": 0.8470165523484632,
      "significant": false
    },
    "engagement_index": {
      "high_mean": 4.71695023437858,
      "low_mean": 4.417726987794619,
      "high_std": 5.0111403823918605,
      "low_std": 0.0,
      "high_n": 12,
      "high_valid_n": 12,
      "high_nan_count": 0,
      "high_nan_pct": 0.0,
      "low_n": 1,
      "low_valid_n": 1,
      "low_nan_count": 0,
      "low_nan_pct": 0.0,
      "t_statistic": 0.05492668995021538,
      "p_value": 0.9571817936911023,
      "significant": false
    },
    "FAA_index": {
      "high_mean": -1.5909824773602352,
      "low_mean": -0.3443982937526037,
      "high_std": 3.2753088186927877,
      "low_std": 0.0,
      "high_n": 12,
      "high_valid_n": 12,
      "high_nan_count": 0,
      "high_nan_pct": 0.0,
      "low_n": 1,
      "low_valid_n": 1,
      "low_nan_count": 0,
      "low_nan_pct": 0.0,
      "t_statistic": -0.35010154252723585,
      "p_value": 0.7328741195786622,
      "significant": false
    },
    "TLX": {
      "high_mean": 2.506313972005273,
      "low_mean": 1.3391554231772882,
      "high_std": 1.625032447545712,
      "low_std": 0.0,
      "high_n": 12,
      "high_valid_n": 12,
      "high_nan_count": 0,
      "high_nan_pct": 0.0,
      "low_n": 1,
      "low_valid_n": 1,
      "low_nan_count": 0,
      "low_nan_pct": 0.0,
      "t_statistic": 0.6606820150436162,
      "p_value": 0.5224119014111778,
      "significant": false
    }
  },
  "full": {
    "focus_index": {
      "high_mean": 10.509914343212834,
      "low_mean": 9.363154976261312,
      "high_std": 10.826965036935428,
      "low_std": 6.034721540343166,
      "high_n": 19,